Run order,Stage,Journey ID,Priority,Automation,Tier,Phase,Manual test,Exact manual steps,Expected result,Automated test exists,What remains manual,Result (PASS/FAIL/BLOCKED/NOT RUN),Tester,Run date,Evidence path or URL,Defect link,Notes
1,A,1,P0,NONE,Core,0 Package and install,Final production DMG installs in locked Core state,"Mount the final production DMG, drag Off Grid AI Desktop to Applications, eject the DMG, then open the installed app without entitlement",The app opens without a crash or white screen; Core works and every Pro service and screen remains locked,No,"Run the complete Final production DMG installs in locked Core state journey against the exact Developer ID-signed, notarized, stapled 0.0.40 artifact.",NOT RUN,,,,,"Use the one production Pro-capable artifact, not npm run dev or a local diagnostic variant"
2,A,2,P0,NONE,Both,0 Package and install,Final production DMG activates entitled Pro state,"Install the same final production DMG, activate with a valid test entitlement, restart when requested, then reopen",The same installed app activates Pro services and screens only after entitlement and remains usable after relaunch,No,"Run the complete Final production DMG activates entitled Pro state journey against the exact Developer ID-signed, notarized, stapled 0.0.40 artifact.",NOT RUN,,,,,Use the same production artifact as #1; local Core and Pro DMGs are diagnostic variants only
3,A,3,P0,PARTIAL,Both,0 Package and install,Fresh profile is truly fresh,Move ~/Library/Application Support/Off Grid AI Desktop aside before first launch,Onboarding appears with no chats models captures or credentials from another run,Yes,"Run the listed visible journey on the exact installed 0.0.40 artifact and inspect state, persistence, errors, and pixels.",NOT RUN,,,,,Use a disposable profile; never delete a real profile without a backup
4,A,4,P0,PARTIAL,Both,0 Package and install,Core and Pro source and activation separation,"Inspect the Core source artifact, then run the one production app first locked and then entitled",Core contains no Pro implementation; the production app exposes no Pro implementation before entitlement and activates it only after entitlement,Yes,"Run the listed visible journey on the exact installed 0.0.40 artifact and inspect state, persistence, errors, and pixels.",NOT RUN,,,,,Release blocker for open-core packaging; do not describe local diagnostic variants as separate production artifacts
5,A,5,P0,PARTIAL,Both,0 Package and install,Packaged helper binaries exist,Open System Health after installing the DMG,"llama-server, ffmpeg, whisper helpers, and required dylibs are present; no missing-binary error",Yes,The installed System Health UI is not yet reconciled with that same execution.,NOT RUN,,,,,Check Console.app if a component is down
6,A,6,P0,PARTIAL,Both,0 Package and install,Packaged llama dependency closure,Start the chat model from the packaged app,The bundled llama-server launches without dyld or foreign Homebrew dependency errors,Yes,"Repeat the listed steps on the exact installed 0.0.40 artifact with the real macOS, hardware, network, or external-system boundary.",NOT RUN,,,,,Release blocker; CI-built engine path only
7,A,7,P0,PARTIAL,Both,0 Package and install,Upgrade preserves user data,Install the previous release; create data and settings; install this build over it,Chats models projects settings and entitlement remain intact,Yes,Signed installer replacement remains a separate device check.,NOT RUN,,,,,Run as a separate pass from fresh install
8,A,8,P1,PROVEN,Both,0 Package and install,Window identity and product name,Inspect the app name menu title About surface and installed application,Every visible name is Off Grid AI Desktop,Yes,"Run the listed visible journey on the exact installed 0.0.40 artifact and inspect state, persistence, errors, and pixels.",NOT RUN,,,,,No legacy product names
9,A,NR-01,P0,NONE,Both,13 Release topology and trust,Production artifact topology is unambiguous,"Compare the release workflow, published asset names, bundle identifier, update feeds, release notes, and locked/entitled test instructions.",Every source describes one production Pro-capable artifact that starts in locked Core state and activates Pro only after entitlement; local Core/Pro builds are labeled diagnostic.,No,"Resolve the release topology and verify the exact published assets, feeds, bundle ID, and checklist use the same model.",NOT RUN,,,,,Audit gap: contradictory release topology can invalidate otherwise correct QA evidence.
10,A,NR-02,P0,PARTIAL,Both,13 Release topology and trust,Final downloaded macOS artifact passes Apple trust checks,"On a clean quarantined Mac, download the final DMG and run strict deep signature verification, Team ID and hardened-runtime inspection, notarization staple validation, Gatekeeper assessment, and ASAR fuse inspection.","The exact downloaded app is Developer ID-signed by Team 84V6KCAC49, notarized, stapled, Gatekeeper-accepted, and enforces both ASAR integrity fuses.",Yes,Repeat the checks on the exact downloaded production artifact and a clean Mac against Apple services.,NOT RUN,,,,,Release blocker.
11,A,NR-03,P0,PARTIAL,Both,13 Release topology and trust,Detached DMG installation is self-contained,"Confirm the DMG has exactly one app and the Applications alias, copy the app to /Applications, eject the DMG, disconnect build volumes, then launch.","The installed app starts with no dependency on the mounted image, repository, temporary build paths, or a second nested app.",Yes,Repeat with Finder and the exact final downloaded DMG on the release Mac.,NOT RUN,,,,,Release blocker.
12,A,NR-04,P0,PARTIAL,Both,13 Release topology and trust,Every packaged native helper executes in production conditions,"From the installed app, exercise llama-server, Whisper/Parakeet, ffmpeg, image runtime, TTS, dictation, and meeting helpers with Homebrew and repository paths unavailable.","Every shipped helper executes without missing @rpath libraries, temporary build paths, foreign dependencies, unsupported minOS, or silent System Health mismatch.",Yes,Execute the exact final app on target hardware and reconcile each result with installed System Health.,NOT RUN,,,,,Release blocker; catches the failure class that broke earlier releases.
13,A,NR-05,P0,PARTIAL,Both,13 Release topology and trust,Supported macOS and architecture matrix executes,Install and run every nested executable on the oldest and newest supported macOS; record Apple Silicon and Intel/Rosetta policy and result.,The app and every helper start on each advertised OS/architecture with no deployment-target or architecture mismatch.,Yes,Run the physical supported OS and architecture matrix.,NOT RUN,,,,,Release policy must explicitly state unsupported architectures.
14,A,NR-17,P0,NONE,Both,13 Release topology and trust,Windows publication decision and evidence are explicit,"Inspect the release workflow and final assets; if Windows ships, run signed install, lock/entitlement, native-helper, update, upgrade, and uninstall tests on supported Windows; otherwise prevent asset publication.",No untested Windows artifact is published and the release notes state the supported platform set accurately.,No,"Make and enforce the release decision, then attach Windows evidence when applicable.",NOT RUN,,,,,Release blocker if a Windows asset will be published.
15,B,9,P0,PROVEN,Both,1 Onboarding and health,Fresh onboarding completes,Follow onboarding from the first screen through setup,The app lands in the desktop shell with no stuck or blank step,Yes,"Run the listed visible journey on the exact installed 0.0.40 artifact and inspect state, persistence, errors, and pixels.",NOT RUN,,,,,Run on a fresh profile
16,B,10,P0,PARTIAL,Both,1 Onboarding and health,Configure for me completes,Choose the automatic setup path and let it finish,Recommended models download and active choices are populated,Yes,"Run the listed visible journey on the exact installed 0.0.40 artifact and inspect state, persistence, errors, and pixels.",NOT RUN,,,,,Allow enough disk space and network access
17,B,11,P1,PARTIAL,Both,1 Onboarding and health,Manual setup path works,Choose models manually and complete onboarding,Only the chosen models are downloaded and the app becomes usable,Yes,"Run the listed visible journey on the exact installed 0.0.40 artifact and inspect state, persistence, errors, and pixels.",NOT RUN,,,,,
18,B,12,P1,PROVEN,Both,1 Onboarding and health,Onboarding resumes after relaunch,Quit midway through a download or setup step and reopen,The app resumes coherently without losing completed work or duplicating downloads,Yes,"Run the listed visible journey on the exact installed 0.0.40 artifact and inspect state, persistence, errors, and pixels.",NOT RUN,,,,,
19,B,13,P0,PARTIAL,Both,1 Onboarding and health,System Health is truthful,Open System Health and compare each component with actual behavior,Healthy components work; failed components show the captured actionable reason,Yes,Comparing every row with the signed installed artifact remains manual.,NOT RUN,,,,,Do not accept a generic Down label when stderr has a cause
20,B,14,P1,PARTIAL,Both,1 Onboarding and health,Chat engine stderr is surfaced,Temporarily use an incompatible or damaged model and start the engine,System Health reports the classified model or engine failure,Yes,"Run the listed visible journey on the exact installed 0.0.40 artifact and inspect state, persistence, errors, and pixels.",NOT RUN,,,,,Restore a valid model after the check
21,B,15,P0,PARTIAL,Both,1 Onboarding and health,Required macOS permissions granted,Enable screen recording accessibility microphone and notifications when prompted,Each granted capability becomes healthy without repeated prompts,Yes,Granting all four TCC permissions in the signed app and checking relaunch prompts remains manual.,NOT RUN,,,,,Pro capture and dictation need their respective permissions
22,B,16,P1,PARTIAL,Both,1 Onboarding and health,Denied permission is recoverable,Deny one macOS permission then use its feature,A clear explanation and Settings route appear; the rest of the app stays usable,Yes,"Repeat the listed steps on the exact installed 0.0.40 artifact with the real macOS, hardware, network, or external-system boundary.",NOT RUN,,,,,Exercise screen recording and microphone separately
23,C,NR-09,P0,PARTIAL,Pro,15 macOS privacy and lifecycle,Active TCC revocation stops collection immediately,"While capture, meeting recording, and dictation are active, revoke Screen Recording, Microphone, and Accessibility one at a time, then regrant and retry.","Collection and paste stop immediately, errors are specific, no stale helper continues, and regrant recovers without prompt or relaunch loops beyond macOS requirements.",Yes,"Revoke each TCC permission against the signed app while the actual macOS capture, audio, and paste resources are live.",NOT RUN,,,,,Privacy release blocker.
24,C,NR-10,P0,PARTIAL,Pro,15 macOS privacy and lifecycle,"Lock, sleep, and wake do not capture or orphan resources","Lock and sleep the Mac during capture, meeting recording, and dictation; wait; wake and unlock; inspect data, helpers, indicators, and recovery.","Nothing is captured while locked, no helper or mic indicator is orphaned, partial data is reconciled, and wake resumes only when user settings allow.",Yes,Run real macOS power and session events on the release device.,NOT RUN,,,,,Privacy and data-integrity release blocker.
25,C,NR-11,P0,NONE,Pro,15 macOS privacy and lifecycle,Multi-display capture preserves display privacy,"Use two displays with different scale/orientation, place sensitive content on the secondary display, then connect, disconnect, and rearrange displays while capture is active.","Only intended displays/surfaces are captured, exclusions apply everywhere, no stale or wrong-display frames leak, and capture recovers after topology changes.",No,"Exercise real displays, scaling, orientation, and hot-plug behavior.",NOT RUN,,,,,Privacy release blocker.
26,C,NR-21,P1,PARTIAL,Pro,15 macOS privacy and lifecycle,Global shortcut collisions and keyboard changes recover,"Create a shortcut collision with another app, switch keyboard layout/remapping, and change dictation mode while a key is held.","Unavailable registration is visible, a usable fallback remains, settings do not create duplicate events, and restart/rebind is clean.",Yes,"Use real globalShortcut, layouts/remappers, and a competing application.",NOT RUN,,,,,Test both Option+Space and Cmd+Shift+C.
27,C,NR-22,P1,NONE,Pro,15 macOS privacy and lifecycle,Microphone route changes do not strand recording,"Start dictation and meeting recording, then unplug, replace, or switch the default mic, including Bluetooth/AirPods and no-input states.","The app preserves or clearly fails partial recording, releases the old route and mic indicator, selects the new route when possible, and can record again.",No,Exercise physical and Bluetooth input changes on the release Mac.,NOT RUN,,,,,Record the tested hardware.
28,C,NR-23,P1,PARTIAL,Pro,15 macOS privacy and lifecycle,Meeting audio sources and timing remain truthful,"Record system audio plus mic across mute, silence, headphones, and differing sample rates/channels; inspect waveform, duration, transcript timing, and attribution.","Audio is not duplicated or fed back, mute/silence is represented honestly, timing remains aligned, and the summary uses the complete intended recording.",Yes,"Record through real system audio, mic routes, devices, and sample formats.",NOT RUN,,,,,Use synthetic spoken content.
29,C,NR-26,P1,PARTIAL,Pro,15 macOS privacy and lifecycle,Native notification permission and stale targets recover,"Deny then grant Notifications, click meeting/approval/to-do notifications, click a stale target, and change notification settings while delivery is pending.","Delivery follows permission, clicks focus the app and open the exact live record, stale targets fail closed with a recoverable fallback, and no duplicate notification appears.",Yes,"Exercise real notification permission, delivery, click/focus, and stale records.",NOT RUN,,,,,Use synthetic notification content.
30,C,NR-31,P2,PARTIAL,Both,15 macOS privacy and lifecycle,TTS output-device changes recover,"Play speech, switch output device and volume, disconnect Bluetooth audio, press Stop, reconnect, and synthesize again.","Playback stops promptly, no old audio continues, device loss is visible, resources release, and the next synthesis plays through the active output.",Yes,Exercise real CoreAudio output routing and physical/Bluetooth devices.,NOT RUN,,,,,Audible output is mandatory evidence.
31,D,138,P0,PARTIAL,Pro,11 Settings privacy licensing and updates,Pro license activates,Run a Pro build without override; enter a valid test key; restart,Entitlement persists and Pro screens unlock,Yes,"Repeat the listed steps on the exact installed 0.0.40 artifact with the real macOS, hardware, network, or external-system boundary.",NOT RUN,,,,,Pro artifact only; use a test entitlement
32,D,139,P1,PARTIAL,Pro,11 Settings privacy licensing and updates,Invalid or exhausted license fails clearly,Enter an invalid key and a key at its device limit,Activation explains the real reason and the app remains locked,Yes,"Repeat the listed steps on the exact installed 0.0.40 artifact with the real macOS, hardware, network, or external-system boundary.",NOT RUN,,,,,Pro artifact only
33,D,140,P0,PARTIAL,Pro,11 Settings privacy licensing and updates,Offline entitlement behavior,Activate online; quit; disable network; reopen,The signed cached entitlement follows policy without exposing Pro on an unentitled profile,Yes,"Repeat the listed steps on the exact installed 0.0.40 artifact with the real macOS, hardware, network, or external-system boundary.",NOT RUN,,,,,Pro artifact only
34,E,17,P0,PARTIAL,Both,2 Models and downloads,Text model downloads,Models -> choose a small chat model -> Download,Progress advances and the model becomes available for activation,Yes,"Run the listed visible journey on the exact installed 0.0.40 artifact and inspect state, persistence, errors, and pixels.",NOT RUN,,,,,
35,E,18,P1,PARTIAL,Both,2 Models and downloads,Vision model downloads,Download a vision-capable GGUF and its projector,All required files complete and the model is not marked ready early,Yes,"Run the listed visible journey on the exact installed 0.0.40 artifact and inspect state, persistence, errors, and pixels.",NOT RUN,,,,,
36,E,19,P1,PARTIAL,Both,2 Models and downloads,Speech model downloads,Download a Whisper or Parakeet model,The model becomes selectable for dictation and is not falsely shown as resident,Yes,"Run the listed visible journey on the exact installed 0.0.40 artifact and inspect state, persistence, errors, and pixels.",NOT RUN,,,,,Pro use path; model management is core
37,E,20,P1,PARTIAL,Both,2 Models and downloads,TTS model downloads,Download the supported voice model,The model becomes selectable and can speak a reply,Yes,"Run the listed visible journey on the exact installed 0.0.40 artifact and inspect state, persistence, errors, and pixels.",NOT RUN,,,,,Pro use path; model management is core
38,E,21,P1,PARTIAL,Both,2 Models and downloads,Image model downloads,Download an image model and wait for extraction,It becomes usable only after every required file and extraction step completes,Yes,"Run the listed visible journey on the exact installed 0.0.40 artifact and inspect state, persistence, errors, and pixels.",NOT RUN,,,,,
39,E,22,P1,PARTIAL,Both,2 Models and downloads,Multiple downloads queue,Start more downloads than the concurrency limit,Running and queued counts agree; the queue drains without dropping an item,Yes,"Run the listed visible journey on the exact installed 0.0.40 artifact and inspect state, persistence, errors, and pixels.",NOT RUN,,,,,
40,E,23,P1,PARTIAL,Both,2 Models and downloads,Delete does not cancel another download,Delete an installed model while another model is downloading,The in-flight download continues and only the selected model is removed,Yes,"Run the listed visible journey on the exact installed 0.0.40 artifact and inspect state, persistence, errors, and pixels.",NOT RUN,,,,,
41,E,24,P1,PARTIAL,Both,2 Models and downloads,Offline download fails clearly,Disable network access and start a new model download,A connection error appears with a usable retry path and no phantom ready model,Yes,"Repeat the listed steps on the exact installed 0.0.40 artifact with the real macOS, hardware, network, or external-system boundary.",NOT RUN,,,,,Real network boundary
42,E,25,P0,PARTIAL,Both,2 Models and downloads,Interrupted download recovers,Quit the app during a download and reopen,The item resumes or becomes explicitly retryable; it never remains falsely ready,Yes,"Run the listed visible journey on the exact installed 0.0.40 artifact and inspect state, persistence, errors, and pixels.",NOT RUN,,,,,
43,E,26,P0,PARTIAL,Both,2 Models and downloads,Truncated GGUF is rejected,Interrupt or substitute a file below the integrity floor,The file is not promoted to installed or loadable,Yes,"ts` drives the real model manager against a temp filesystem, with only HTTP delivery faked, and proves truncated downloads and local imports are rejected before promotion, installation, copying, or registration.",NOT RUN,,,,,Adversarial release check
44,E,27,P0,PARTIAL,Both,2 Models and downloads,Disk write failure does not crash,Use a nearly full disposable volume or unwritable test location and start a download,The download fails; Off Grid AI Desktop stays open and other features remain usable,Yes,"Repeat the listed steps on the exact installed 0.0.40 artifact with the real macOS, hardware, network, or external-system boundary.",NOT RUN,,,,,Never risk a real data volume
45,E,28,P0,PARTIAL,Both,2 Models and downloads,Active text model survives relaunch,Activate a chat model; quit fully; reopen,The same model remains active and answers a new message,Yes,"Run the listed visible journey on the exact installed 0.0.40 artifact and inspect state, persistence, errors, and pixels.",NOT RUN,,,,,
46,E,29,P1,PROVEN,Both,2 Models and downloads,Active modal models survive relaunch,Activate image STT and TTS choices; quit fully; reopen,Each modality restores its own selection without cross-over,Yes,"Run the listed visible journey on the exact installed 0.0.40 artifact and inspect state, persistence, errors, and pixels.",NOT RUN,,,,,
47,E,30,P1,PROVEN,Both,2 Models and downloads,Deleting active model clears selection,Activate then delete a model for each available modality,No dangling active pointer remains; the UI asks for or selects a valid replacement,Yes,"Run the listed visible journey on the exact installed 0.0.40 artifact and inspect state, persistence, errors, and pixels.",NOT RUN,,,,,
48,E,31,P2,PARTIAL,Both,2 Models and downloads,Models use desktop density,Resize the window across normal desktop widths,Model cards form a dense multi-column grid; controls stay beside their card content,Yes,"Run the listed visible journey on the exact installed 0.0.40 artifact and inspect state, persistence, errors, and pixels.",NOT RUN,,,,,Visual check against docs/DESIGN.md
49,E,32,P0,PARTIAL,Both,3 Chat and conversations,First local message replies,Select a local text model; create a chat; send a prompt,A response streams into one assistant bubble and is persisted,Yes,"Run the listed visible journey on the exact installed 0.0.40 artifact and inspect state, persistence, errors, and pixels.",NOT RUN,,,,,
50,E,33,P0,PARTIAL,Both,3 Chat and conversations,No memory scope works,Choose No memory and send a prompt,The reply uses the conversation only and the selected scope remains visible,Yes,"Run the listed visible journey on the exact installed 0.0.40 artifact and inspect state, persistence, errors, and pixels.",NOT RUN,,,,,
51,E,34,P0,PARTIAL,Both,3 Chat and conversations,All memory scope works,Seed or capture memory; choose All memory; ask about it,The answer uses retrieved local context and citations where applicable,Yes,"Run the listed visible journey on the exact installed 0.0.40 artifact and inspect state, persistence, errors, and pixels.",NOT RUN,,,,,A blank demo profile must be seeded before this check
52,E,35,P1,PARTIAL,Both,3 Chat and conversations,Empty memory degrades safely,On a truly fresh profile choose All memory and send a prompt,The app answers without context or shows a clear empty-state message; no generic crash bubble,Yes,"Run the listed visible journey on the exact installed 0.0.40 artifact and inspect state, persistence, errors, and pixels.",NOT RUN,,,,,
53,E,36,P1,PARTIAL,Both,3 Chat and conversations,Thinking streams separately,Enable Thinking and ask a reasoning question,Reasoning appears in its own block while the final answer stays separate,Yes,tsx` drives a real rendered turn through the production thinking-stream parser and proves reasoning renders in its own block while the final answer remains separate.,NOT RUN,,,,,
54,E,37,P1,PARTIAL,Both,3 Chat and conversations,Plain reply hides think markers,Disable Thinking and send a plain prompt,No literal think tags or parser markers appear,Yes,"Run the listed visible journey on the exact installed 0.0.40 artifact and inspect state, persistence, errors, and pixels.",NOT RUN,,,,,
55,E,38,P0,PARTIAL,Both,3 Chat and conversations,Stop before first token,Send a prompt and click Stop during search or classification,Work aborts promptly; no tool or side effect runs; the next send starts normally,Yes,"Run the listed visible journey on the exact installed 0.0.40 artifact and inspect state, persistence, errors, and pixels.",NOT RUN,,,,,
56,E,39,P0,PARTIAL,Both,3 Chat and conversations,Stop during streaming,Click Stop after answer tokens appear,Streaming ends cleanly and the partial answer remains,Yes,"Run the listed visible journey on the exact installed 0.0.40 artifact and inspect state, persistence, errors, and pixels.",NOT RUN,,,,,
57,E,40,P1,PARTIAL,Both,3 Chat and conversations,Queued message order,Send a second message while the first reply is still streaming,Messages run in order without collision duplication or loss,Yes,"Run the listed visible journey on the exact installed 0.0.40 artifact and inspect state, persistence, errors, and pixels.",NOT RUN,,,,,
58,E,41,P0,PARTIAL,Both,3 Chat and conversations,Conversation switch isolation,Start work in conversation A then switch to B,B shows none of A's spinner progress or partial state; A completes against A's history,Yes,"Run the listed visible journey on the exact installed 0.0.40 artifact and inspect state, persistence, errors, and pixels.",NOT RUN,,,,,
59,E,42,P0,PARTIAL,Both,3 Chat and conversations,Project switch isolation,Start a project-scoped generation then change the project selection,The turn and resulting artifacts stay attributed to the project captured at send time,Yes,"Run the listed visible journey on the exact installed 0.0.40 artifact and inspect state, persistence, errors, and pixels.",NOT RUN,,,,,
60,E,43,P0,PARTIAL,Both,3 Chat and conversations,Chat survives relaunch,Create several conversations and fully quit,All conversations messages scopes and project associations restore correctly,Yes,Reloading the visible conversation list remains manual.,NOT RUN,,,,,
61,E,44,P2,PROVEN,Both,3 Chat and conversations,Rename conversation,Rename a conversation and navigate away and back,The new name persists everywhere it is shown,Yes,"Run the listed visible journey on the exact installed 0.0.40 artifact and inspect state, persistence, errors, and pixels.",NOT RUN,,,,,
62,E,45,P1,PARTIAL,Both,3 Chat and conversations,Delete conversation cascades,Create a chat with messages and an artifact then delete it,The chat messages and chat-owned artifact disappear with no orphaned sidebar item,Yes,"Run the listed visible journey on the exact installed 0.0.40 artifact and inspect state, persistence, errors, and pixels.",NOT RUN,,,,,
63,E,46,P2,PROVEN,Both,3 Chat and conversations,Copy assistant reply,Use the copy action on an assistant message,Pasting into another app yields the expected message text,Yes,"Run the listed visible journey on the exact installed 0.0.40 artifact and inspect state, persistence, errors, and pixels.",NOT RUN,,,,,Real clipboard boundary
64,E,47,P1,PARTIAL,Both,3 Chat and conversations,Regenerate reply,Regenerate an assistant answer,A new answer is produced from the same conversation context without duplicating the user turn,Yes,"Run the listed visible journey on the exact installed 0.0.40 artifact and inspect state, persistence, errors, and pixels.",NOT RUN,,,,,
65,E,48,P0,PARTIAL,Both,3 Chat and conversations,Error clears busy state,Trigger a model or gateway failure during a turn,A useful error appears; spinner and Stop clear; another send can run,Yes,"Run the listed visible journey on the exact installed 0.0.40 artifact and inspect state, persistence, errors, and pixels.",NOT RUN,,,,,
66,E,49,P1,PARTIAL,Both,3 Chat and conversations,Long answer respects configured cap,Raise the response limit and request a long answer,Output can pass the old cap and ends with a clear cutoff state if the new limit is reached,Yes,"Run the listed visible journey on the exact installed 0.0.40 artifact and inspect state, persistence, errors, and pixels.",NOT RUN,,,,,
67,E,50,P2,PARTIAL,Both,3 Chat and conversations,Keyboard and navigation shortcuts,Use Cmd+[ and Cmd+] after visiting several screens,Back and forward navigate through desktop view history without losing screen state,Yes,"Run the listed visible journey on the exact installed 0.0.40 artifact and inspect state, persistence, errors, and pixels.",NOT RUN,,,,,
68,E,51,P0,PARTIAL,Both,4 Projects and artifacts,Create a project,Projects -> create a named project,The project appears and survives navigation and relaunch,Yes,"Run the listed visible journey on the exact installed 0.0.40 artifact and inspect state, persistence, errors, and pixels.",NOT RUN,,,,,
69,E,52,P0,PARTIAL,Both,4 Projects and artifacts,Attach a knowledge document,Open a project and add a supported document,Indexing completes and the document appears once,Yes,"Run the listed visible journey on the exact installed 0.0.40 artifact and inspect state, persistence, errors, and pixels.",NOT RUN,,,,,
70,E,53,P0,PARTIAL,Both,4 Projects and artifacts,Project retrieval is grounded,Start a chat inside the project and ask about the document,The answer uses relevant document content and does not invent an attachment,Yes,"Run the listed visible journey on the exact installed 0.0.40 artifact and inspect state, persistence, errors, and pixels.",NOT RUN,,,,,
71,E,54,P1,PARTIAL,Both,4 Projects and artifacts,New chat inherits project,Create a new chat from inside a project,The conversation is filed under that project and retains its knowledge scope,Yes,"Run the listed visible journey on the exact installed 0.0.40 artifact and inspect state, persistence, errors, and pixels.",NOT RUN,,,,,
72,E,55,P2,PARTIAL,Both,4 Projects and artifacts,Edit project,Change a project's name or details and save,The new values persist in every project surface,Yes,"Run the listed visible journey on the exact installed 0.0.40 artifact and inspect state, persistence, errors, and pixels.",NOT RUN,,,,,
73,E,56,P0,PARTIAL,Both,4 Projects and artifacts,Delete project cascades,Create a project with chat messages documents and artifacts then delete it,Project-owned records disappear without phantom badges or orphaned artifacts,Yes,"Run the listed visible journey on the exact installed 0.0.40 artifact and inspect state, persistence, errors, and pixels.",NOT RUN,,,,,
74,E,57,P1,PARTIAL,Both,4 Projects and artifacts,Text artifact saves and reopens,Generate or save a text artifact from chat then open it from its list,The exact content opens and remains after relaunch,Yes,"Run the listed visible journey on the exact installed 0.0.40 artifact and inspect state, persistence, errors, and pixels.",NOT RUN,,,,,
75,E,58,P1,PARTIAL,Both,4 Projects and artifacts,Image artifact saves and reopens,Generate or save an image artifact then reopen it,The image renders correctly and remains associated with its source,Yes,"Run the listed visible journey on the exact installed 0.0.40 artifact and inspect state, persistence, errors, and pixels.",NOT RUN,,,,,
76,E,59,P2,PROVEN,Both,4 Projects and artifacts,Project list uses desktop layout,Open Projects with enough seeded items to fill the window,Collection uses multiple columns or an appropriate dense master-detail layout,Yes,"Run the listed visible journey on the exact installed 0.0.40 artifact and inspect state, persistence, errors, and pixels.",NOT RUN,,,,,No single 1900px-wide card rows
77,E,60,P1,PARTIAL,Both,4 Projects and artifacts,Unsupported document fails clearly,Attach an unsupported or damaged file,The file is rejected with a specific reason and no half-indexed document remains,Yes,"Run the listed visible journey on the exact installed 0.0.40 artifact and inspect state, persistence, errors, and pixels.",NOT RUN,,,,,
78,E,61,P0,PARTIAL,Both,5 Image and vision,Text prompt generates an image,Activate an image model; use image mode; send a prompt,Progress advances through generation and one image renders,Yes,"Run the listed visible journey on the exact installed 0.0.40 artifact and inspect state, persistence, errors, and pixels.",NOT RUN,,,,,
79,E,62,P0,PARTIAL,Both,5 Image and vision,Image cancellation is scoped,Start image generation in chat A; switch to B; return and stop it,Only A owns the progress and cancellation; B remains idle,Yes,"Run the listed visible journey on the exact installed 0.0.40 artifact and inspect state, persistence, errors, and pixels.",NOT RUN,,,,,
80,E,63,P0,PARTIAL,Both,5 Image and vision,Image cancellation keeps text,Trigger a tool turn that produces text then an image; cancel the image,The text answer remains and is still present after relaunch,Yes,"Run the listed visible journey on the exact installed 0.0.40 artifact and inspect state, persistence, errors, and pixels.",NOT RUN,,,,,
81,E,64,P1,PARTIAL,Both,5 Image and vision,Image settings apply,Change size steps guidance and seed then generate,Output metadata and dimensions reflect the selected values,Yes,"Run the listed visible journey on the exact installed 0.0.40 artifact and inspect state, persistence, errors, and pixels.",NOT RUN,,,,,
82,E,65,P1,PARTIAL,Both,5 Image and vision,Image runtime eviction recovers,Generate an image while the chat model is resident then send a chat prompt,The heavy model handoff completes and chat reloads without a dead server,Yes,"Run the listed visible journey on the exact installed 0.0.40 artifact and inspect state, persistence, errors, and pixels.",NOT RUN,,,,,
83,E,66,P1,PARTIAL,Both,5 Image and vision,Image RAM guard is safe,Choose an image model that exceeds the configured memory budget,Generation is refused with a clear message unless the explicit override is used,Yes,"Run the listed visible journey on the exact installed 0.0.40 artifact and inspect state, persistence, errors, and pixels.",NOT RUN,,,,,Use a disposable test case; do not induce system-wide OOM
84,E,67,P1,PARTIAL,Both,5 Image and vision,Generated image opens,Click a generated image thumbnail,The existing lightbox opens; close and save controls work,Yes,"Run the listed visible journey on the exact installed 0.0.40 artifact and inspect state, persistence, errors, and pixels.",NOT RUN,,,,,
85,E,68,P0,PARTIAL,Both,5 Image and vision,Vision answers about attachment,Activate a vision model; attach an image; ask what it contains,The reply describes the attached image and preserves the text prompt,Yes,"Run the listed visible journey on the exact installed 0.0.40 artifact and inspect state, persistence, errors, and pixels.",NOT RUN,,,,,
86,E,69,P0,PARTIAL,Both,5 Image and vision,Text-only model guards image input,Attach an image while a text-only model is active,The app does not send unsupported image content; it explains or proceeds text-only without engine garbage,Yes,The rendered test still substitutes the preload/API seam.,NOT RUN,,,,,
87,E,70,P1,PARTIAL,Both,5 Image and vision,Damaged image fails safely,Attach a damaged or unsupported image,The app shows a specific error; the conversation remains usable,Yes,"Run the listed visible journey on the exact installed 0.0.40 artifact and inspect state, persistence, errors, and pixels.",NOT RUN,,,,,
88,E,71,P0,PARTIAL,Both,6 Integrations and gateway,Connector can be added,Integrations -> add a reachable connector and complete its setup,It appears once with a truthful connected state,Yes,"Repeat the listed steps on the exact installed 0.0.40 artifact with the real macOS, hardware, network, or external-system boundary.",NOT RUN,,,,,
89,E,72,P1,PARTIAL,Both,6 Integrations and gateway,Connector tools load,Open a connected connector and inspect its tools,Real remote tools are listed with stable enable states,Yes,"Repeat the listed steps on the exact installed 0.0.40 artifact with the real macOS, hardware, network, or external-system boundary.",NOT RUN,,,,,
90,E,73,P0,PARTIAL,Both,6 Integrations and gateway,Connector tool executes,Enable a read-only connector tool and ask chat to use it,A real tool result appears and the final answer uses it,Yes,"Repeat the listed steps on the exact installed 0.0.40 artifact with the real macOS, hardware, network, or external-system boundary.",NOT RUN,,,,,Prefer a reversible read-only tool for release QA
91,E,74,P0,PARTIAL,Both,6 Integrations and gateway,Write tool requires approval,Ask a connector to perform a write action,An approval is required before the external side effect occurs,Yes,"Run the listed visible journey on the exact installed 0.0.40 artifact and inspect state, persistence, errors, and pixels.",NOT RUN,,,,,Release blocker; use a disposable target
92,E,75,P0,PARTIAL,Both,6 Integrations and gateway,Stop prevents connector side effect,Start a turn likely to propose a write then stop before approval or execution,No message event or other write is created,Yes,"Repeat the listed steps on the exact installed 0.0.40 artifact with the real macOS, hardware, network, or external-system boundary.",NOT RUN,,,,,Verify at the external system
93,E,76,P0,PARTIAL,Both,6 Integrations and gateway,Expired connector becomes error,Revoke a connector token then trigger tool discovery,The connector changes to an error or reconnect state instead of silently losing tools,Yes,"Repeat the listed steps on the exact installed 0.0.40 artifact with the real macOS, hardware, network, or external-system boundary.",NOT RUN,,,,,
94,E,77,P1,PARTIAL,Both,6 Integrations and gateway,Dead connector does not hang all tools,Configure several connectors including one unreachable endpoint,Healthy connectors load concurrently and the turn proceeds within the timeout,Yes,"Repeat the listed steps on the exact installed 0.0.40 artifact with the real macOS, hardware, network, or external-system boundary.",NOT RUN,,,,,
95,E,78,P1,PARTIAL,Both,6 Integrations and gateway,Connector delete removes secrets,Delete a connector and relaunch,It stays deleted and its credential cannot still be used,Yes,"Repeat the listed steps on the exact installed 0.0.40 artifact with the real macOS, hardware, network, or external-system boundary.",NOT RUN,,,,,
96,E,79,P0,PROVEN,Both,6 Integrations and gateway,Gateway models endpoint,Open Gateway and call GET /v1/models on 127.0.0.1:7878,A valid OpenAI-compatible response lists the active local model,Yes,"Run the listed visible journey on the exact installed 0.0.40 artifact and inspect state, persistence, errors, and pixels.",NOT RUN,,,,,
97,E,80,P0,PARTIAL,Both,6 Integrations and gateway,Gateway chat streaming,Send an OpenAI-compatible streaming chat request to the local gateway,SSE chunks arrive and terminate cleanly,Yes,"Run the listed visible journey on the exact installed 0.0.40 artifact and inspect state, persistence, errors, and pixels.",NOT RUN,,,,,
98,E,81,P1,PARTIAL,Both,6 Integrations and gateway,Gateway image route,Send a valid image generation request through the gateway,The request reaches the active image runtime and returns a usable image result,Yes,"Only the native `sd-cli` executable is faked; the test verifies its PNG reaches the OpenAI-compatible response and disk, plus the missing-runtime path returns a stable `not_installed` envelope.",NOT RUN,,,,,
99,E,82,P1,PARTIAL,Both,6 Integrations and gateway,Gateway failure envelope,Call a route with no suitable model or invalid input,A stable non-HTML error envelope is returned and the app remains healthy,Yes,"Run the listed visible journey on the exact installed 0.0.40 artifact and inspect state, persistence, errors, and pixels.",NOT RUN,,,,,
100,E,83,P0,PARTIAL,Pro,7 Capture memory and replay,Screen capture permission path,Enable capture and grant macOS Screen Recording permission,New frames begin arriving without an app restart loop,Yes,"Repeat the listed steps on the exact installed 0.0.40 artifact with the real macOS, hardware, network, or external-system boundary.",NOT RUN,,,,,Pro only; mark Core N/A
101,E,84,P0,PARTIAL,Pro,7 Capture memory and replay,Capture disabled means no capture,Turn capture off and work in another app for several minutes,No new replay frames or observations are created,Yes,"Run the listed visible journey on the exact installed 0.0.40 artifact and inspect state, persistence, errors, and pixels.",NOT RUN,,,,,Pro only; privacy gate
102,E,85,P0,PARTIAL,Pro,7 Capture memory and replay,OCR creates searchable memory,Display distinctive text in another app and allow capture processing,Search finds the text or its derived observation,Yes,"ts` drives a normal surface through screenshot, OCR, the real extractor, model transport, and SQLite persistence, then queries the production observation search and retrieves the derived memory; only OS capture/OCR and the native model socket are controlled boundaries.",NOT RUN,,,,,Pro only; allow processing time
103,E,86,P0,PARTIAL,Pro,7 Capture memory and replay,Sensitive or excluded apps are omitted,Use a configured excluded or sensitive application while capture is on,Its content does not appear in replay search or extracted memory,Yes,"Run the listed visible journey on the exact installed 0.0.40 artifact and inspect state, persistence, errors, and pixels.",NOT RUN,,,,,Pro only; privacy gate
104,E,87,P0,PROVEN,Pro,7 Capture memory and replay,Replay timeline renders,Open Replay after seeded or real synthetic capture,Frames appear in chronological order with usable timestamps,Yes,"Run the listed visible journey on the exact installed 0.0.40 artifact and inspect state, persistence, errors, and pixels.",NOT RUN,,,,,Pro only
105,E,88,P1,PARTIAL,Pro,7 Capture memory and replay,Replay playback uses media server,Open a replay session and scrub or play across several moments,Playback responds and media requests succeed on port 7879,Yes,"Run the listed visible journey on the exact installed 0.0.40 artifact and inspect state, persistence, errors, and pixels.",NOT RUN,,,,,Pro only
106,E,89,P1,PROVEN,Pro,7 Capture memory and replay,Replay navigation preserves target,Open a replay hit from Search or Day,Replay opens at the selected moment rather than the start,Yes,"Run the listed visible journey on the exact installed 0.0.40 artifact and inspect state, persistence, errors, and pixels.",NOT RUN,,,,,Pro only
107,E,90,P0,PARTIAL,Pro,7 Capture memory and replay,Unified search finds each source,Search for seeded capture meeting entity and connector records,Each enabled source contributes relevant results,Yes,"Run the listed visible journey on the exact installed 0.0.40 artifact and inspect state, persistence, errors, and pixels.",NOT RUN,,,,,Pro only
108,E,91,P1,PARTIAL,Pro,7 Capture memory and replay,Search filters and sort apply,Toggle source filters and switch Relevant Recent and Match,Results and ordering update without stale rows,Yes,"Run the listed visible journey on the exact installed 0.0.40 artifact and inspect state, persistence, errors, and pixels.",NOT RUN,,,,,Pro only
109,E,92,P1,PARTIAL,Pro,7 Capture memory and replay,Day briefing renders,Open Day on a seeded profile,Priorities meetings suggestions journal time spent and timeline render from real stored data,Yes,"Run the listed visible journey on the exact installed 0.0.40 artifact and inspect state, persistence, errors, and pixels.",NOT RUN,,,,,Pro only
110,E,93,P1,PARTIAL,Pro,7 Capture memory and replay,Day links open correct records,Click a meeting entity action and replay moment from Day,Each opens the intended detail screen and record,Yes,"Run the listed visible journey on the exact installed 0.0.40 artifact and inspect state, persistence, errors, and pixels.",NOT RUN,,,,,Pro only
111,E,95,P0,PARTIAL,Pro,8 Meetings voice and dictation,Meeting detection is truthful,Join and leave a supported call while meeting auto-detect is enabled,Recording starts or prompts according to settings and stops after the call,Yes,ts` drives the production classifier and controller with only active-window/native-recording boundaries controlled.,NOT RUN,,,,,Pro only; real OS boundary
112,E,96,P0,PARTIAL,Pro,8 Meetings voice and dictation,Manual meeting recording,Start and stop a meeting recording from Meetings,One recording is created with sane duration and no lingering mic/system capture,Yes,"Run the listed visible journey on the exact installed 0.0.40 artifact and inspect state, persistence, errors, and pixels.",NOT RUN,,,,,Pro only
113,E,97,P0,PARTIAL,Pro,8 Meetings voice and dictation,Meeting transcript and summary,Record a short synthetic meeting and let processing finish,Transcript matches the audio and summary/action items derive from it,Yes,"Run the listed visible journey on the exact installed 0.0.40 artifact and inspect state, persistence, errors, and pixels.",NOT RUN,,,,,Pro only; do not use private meeting data
114,E,98,P1,PARTIAL,Pro,8 Meetings voice and dictation,Meeting survives relaunch,Quit after a completed recording then reopen,Audio metadata transcript and summary remain accessible,Yes,"Run the listed visible journey on the exact installed 0.0.40 artifact and inspect state, persistence, errors, and pixels.",NOT RUN,,,,,Pro only
115,E,99,P0,PARTIAL,Pro,8 Meetings voice and dictation,Global dictation hotkey,Set Hold Toggle or Both; use Option+Space in another app,Exactly one recording lifecycle occurs according to the selected mode,Yes,"Repeat the listed steps on the exact installed 0.0.40 artifact with the real macOS, hardware, network, or external-system boundary.",NOT RUN,,,,,Pro only; accessibility and microphone permissions required
116,E,100,P0,PARTIAL,Pro,8 Meetings voice and dictation,Dictation pastes at cursor,Place the cursor in TextEdit; dictate a short phrase,The transcript is pasted once at the cursor and the saved recording contains the same text,Yes,"Repeat the listed steps on the exact installed 0.0.40 artifact with the real macOS, hardware, network, or external-system boundary.",NOT RUN,,,,,Pro only; real paste boundary
117,E,101,P1,PARTIAL,Pro,8 Meetings voice and dictation,Dictation paste failure is visible,Remove Accessibility permission and dictate,The transcript is retained and a clear paste-permission error appears,Yes,"Run the listed visible journey on the exact installed 0.0.40 artifact and inspect state, persistence, errors, and pixels.",NOT RUN,,,,,Pro only
118,E,102,P1,PARTIAL,Pro,8 Meetings voice and dictation,Dictation engine selection,Switch between installed Whisper and Parakeet models and dictate,The selected engine runs and produces a transcript without caller-side engine branching,Yes,"Run the listed visible journey on the exact installed 0.0.40 artifact and inspect state, persistence, errors, and pixels.",NOT RUN,,,,,Pro only
119,E,103,P1,PARTIAL,Pro,8 Meetings voice and dictation,Import media for transcription,Drop a supported audio or video file into Voice,Processing finishes and a searchable recording with transcript is created,Yes,"Run the listed visible journey on the exact installed 0.0.40 artifact and inspect state, persistence, errors, and pixels.",NOT RUN,,,,,Pro only
120,E,104,P2,PARTIAL,Pro,8 Meetings voice and dictation,Voice retention settings apply,Set a recording or transcript retention limit and create old test records,Expired records are removed while newer ones remain,Yes,"Run the listed visible journey on the exact installed 0.0.40 artifact and inspect state, persistence, errors, and pixels.",NOT RUN,,,,,Pro only
121,E,105,P1,PARTIAL,Both,8 Meetings voice and dictation,Speak assistant reply,Use the Speak action on an assistant response,Local TTS speaks clean text and does not read markdown syntax,Yes,Only the heavyweight ONNX worker and browser media boundary are controlled.,NOT RUN,,,,,Requires installed TTS model
122,E,106,P0,PARTIAL,Both,8 Meetings voice and dictation,Mic and TTS stop cleanly,Start dictation or speech then stop or navigate away,Native audio activity ends and no background process keeps recording or speaking,Yes,"Run the listed visible journey on the exact installed 0.0.40 artifact and inspect state, persistence, errors, and pixels.",NOT RUN,,,,,
123,E,107,P1,PARTIAL,Pro,9 Entities actions and reflection,Entities are synthesized,Generate synthetic observations about a person project and company,Entities appear once with correct type aliases and supporting observations,Yes,"Run the listed visible journey on the exact installed 0.0.40 artifact and inspect state, persistence, errors, and pixels.",NOT RUN,,,,,Pro only
124,E,108,P1,PARTIAL,Pro,9 Entities actions and reflection,Self mentions are filtered,Seed the user's identity and an observation referring to self,No duplicate external person entity is created for the user,Yes,"Run the listed visible journey on the exact installed 0.0.40 artifact and inspect state, persistence, errors, and pixels.",NOT RUN,,,,,Pro only
125,E,109,P1,PARTIAL,Pro,9 Entities actions and reflection,Entity detail opens,Open an entity from Search Day or the graph,The same entity detail and related evidence appear across entry points,Yes,"Run the listed visible journey on the exact installed 0.0.40 artifact and inspect state, persistence, errors, and pixels.",NOT RUN,,,,,Pro only
126,E,110,P1,PARTIAL,Pro,9 Entities actions and reflection,Entity merge preserves evidence,Merge two duplicate synthetic entities,One entity remains with combined aliases observations and relationships,Yes,"Run the listed visible journey on the exact installed 0.0.40 artifact and inspect state, persistence, errors, and pixels.",NOT RUN,,,,,Pro only; use disposable data
127,E,111,P1,PARTIAL,Pro,9 Entities actions and reflection,Action items are extracted,Process a synthetic observation or meeting containing a commitment,One correctly worded action item appears with its source,Yes,"Run the listed visible journey on the exact installed 0.0.40 artifact and inspect state, persistence, errors, and pixels.",NOT RUN,,,,,Pro only
128,E,112,P0,PARTIAL,Pro,9 Entities actions and reflection,Approval queue gates actions,Open a proposed action then approve or reject it,Rejected actions do nothing; approved actions execute once and record status,Yes,"Run the listed visible journey on the exact installed 0.0.40 artifact and inspect state, persistence, errors, and pixels.",NOT RUN,,,,,Pro only; use a reversible target
129,E,113,P1,PARTIAL,Pro,9 Entities actions and reflection,Action status survives relaunch,Approve reject and dismiss separate synthetic items then reopen,Each status remains correct with no duplicate execution,Yes,"Run the listed visible journey on the exact installed 0.0.40 artifact and inspect state, persistence, errors, and pixels.",NOT RUN,,,,,Pro only
130,E,114,P1,PARTIAL,Pro,9 Entities actions and reflection,Notifications open their target,Click a meeting prep approval or to-do notification,The intended screen and record open; duplicate notifications are not created,Yes,"Repeat the listed steps on the exact installed 0.0.40 artifact with the real macOS, hardware, network, or external-system boundary.",NOT RUN,,,,,Pro only
131,E,115,P1,PARTIAL,Pro,9 Entities actions and reflection,Reflect uses real time ranges,Open daily and weekly Reflect views on seeded data,Totals labels and source breakdowns match the selected date range,Yes,"Run the listed visible journey on the exact installed 0.0.40 artifact and inspect state, persistence, errors, and pixels.",NOT RUN,,,,,Pro only
132,E,116,P0,PARTIAL,Pro,9 Entities actions and reflection,CRM processing tolerates schema upgrades,Open an upgraded profile with older CRM tables,Migrations add missing columns once and CRM screens load without data loss,Yes,"Repeat the listed steps on the exact installed 0.0.40 artifact with the real macOS, hardware, network, or external-system boundary.",NOT RUN,,,,,Pro only; back up the fixture
133,E,117,P0,PARTIAL,Pro,10 Clipboard and vault,Clipboard records text,Copy distinctive text in another app and open Clipboard,One searchable text item appears with the expected content,Yes,"Repeat the listed steps on the exact installed 0.0.40 artifact with the real macOS, hardware, network, or external-system boundary.",NOT RUN,,,,,Pro only
134,E,118,P1,PROVEN,Pro,10 Clipboard and vault,Clipboard deduplicates repeated copy,Copy the same text repeatedly,The existing item is refreshed according to policy instead of producing noisy duplicates,Yes,"Repeat the listed steps on the exact installed 0.0.40 artifact with the real macOS, hardware, network, or external-system boundary.",NOT RUN,,,,,Pro only
135,E,119,P1,PROVEN,Pro,10 Clipboard and vault,Clipboard records images and files,Copy a synthetic image and a disposable file,Each appears with the correct type and a usable preview or path,Yes,"Repeat the listed steps on the exact installed 0.0.40 artifact with the real macOS, hardware, network, or external-system boundary.",NOT RUN,,,,,Pro only
136,E,120,P1,PARTIAL,Pro,10 Clipboard and vault,Clipboard live refresh keeps valid selection,Select an item while new clipboard events arrive,Selection stays on that item if it exists or moves to a valid item if it was removed,Yes,"Repeat the listed steps on the exact installed 0.0.40 artifact with the real macOS, hardware, network, or external-system boundary.",NOT RUN,,,,,Pro only; regression from this audit
137,E,121,P0,PARTIAL,Pro,10 Clipboard and vault,Clipboard restore text,Choose a historical text item and restore it,Pasting in another app yields the exact text once,Yes,Pasting into another signed app remains manual.,NOT RUN,,,,,Pro only
138,E,122,P0,PARTIAL,Pro,10 Clipboard and vault,Clipboard restore file,Restore a historical copied file then paste into Finder and Terminal,Finder receives the file URL; a text target receives its path,Yes,"Repeat the listed steps on the exact installed 0.0.40 artifact with the real macOS, hardware, network, or external-system boundary.",NOT RUN,,,,,Pro only
139,E,123,P1,PARTIAL,Pro,10 Clipboard and vault,Clipboard popup hotkey,Press Cmd+Shift+C in another app,The compact popup opens; search and keyboard selection restore the chosen item,Yes,"Repeat the listed steps on the exact installed 0.0.40 artifact with the real macOS, hardware, network, or external-system boundary.",NOT RUN,,,,,Pro only
140,E,124,P2,PARTIAL,Pro,10 Clipboard and vault,Clipboard retention applies,Set a short retention policy and use old synthetic rows,Expired history disappears without removing newer items,Yes,"Repeat the listed steps on the exact installed 0.0.40 artifact with the real macOS, hardware, network, or external-system boundary.",NOT RUN,,,,,Pro only
141,E,125,P0,PARTIAL,Pro,10 Clipboard and vault,Create and unlock vault,Create a vault with a strong test master password then lock and unlock it,Correct password unlocks; incorrect password does not expose items,Yes,"Run the listed visible journey on the exact installed 0.0.40 artifact and inspect state, persistence, errors, and pixels.",NOT RUN,,,,,Pro only; use synthetic secrets
142,E,126,P0,PARTIAL,Pro,10 Clipboard and vault,Vault item types round-trip,Create a login app credential secure note API key and disposable secret file,Each saves reopens edits and deletes with the correct fields,Yes,"Run the listed visible journey on the exact installed 0.0.40 artifact and inspect state, persistence, errors, and pixels.",NOT RUN,,,,,Pro only
143,E,127,P1,PROVEN,Pro,10 Clipboard and vault,Vault copy actions,Copy a synthetic username password and API key from Vault,The expected field reaches the clipboard and no other field is exposed,Yes,"Run the listed visible journey on the exact installed 0.0.40 artifact and inspect state, persistence, errors, and pixels.",NOT RUN,,,,,Pro only
144,E,128,P0,PARTIAL,Pro,10 Clipboard and vault,Vault recovery and backup,Export or locate the KDBX fixture then exercise the documented recovery flow,The vault remains encrypted and the supported recovery path restores access,Yes,"Run the listed visible journey on the exact installed 0.0.40 artifact and inspect state, persistence, errors, and pixels.",NOT RUN,,,,,Pro only; never use a real credential vault
145,E,PR-01,P0,PARTIAL,Pro,"19 Pro entity, action, and service guardrails",No Pro background service activates before entitlement,"Start the production app on a fresh unentitled profile and watch processes, global shortcuts, clipboard, notifications, capture, meetings, tray, media ports, and Pro database writes; then activate and restart.","Before entitlement no Pro service, shortcut, watcher, capture, or write activates; after entitlement each service starts once under its owning lifecycle.",Yes,Observe the exact installed locked and entitled artifact against real OS services.,NOT RUN,,,,,Privacy and open-core release blocker.
146,E,PR-02,P1,PARTIAL,Pro,"19 Pro entity, action, and service guardrails",Manual to-do creation enriches context without pollution,"Jot a synthetic to-do naming a known entity, implied priority, and due date; wait for enrichment; quit and reopen.","The to-do appears immediately, enrichment terminates, preserves the original intent, adds justified entity/date/priority/source context, creates no duplicate entity, and survives relaunch.",Yes,Repeat through the packaged Electron IPC bridge and the selected production local model.,NOT RUN,,,,,Guards entity and contextual to-do quality.
147,E,PR-03,P1,PARTIAL,Pro,"19 Pro entity, action, and service guardrails",Contextual to-do lifecycle preserves source and entity links,"Move a sourced to-do through Open, Waiting, Done, Dismissed, Undo, entity filtering, entity detail, and a stale/deleted source target; relaunch between transitions.","Status/counts persist, Undo restores correctly, entity and provenance stay attached, filters show the same record, and stale targets fail closed without opening another item.",Yes,Repeat the lifecycle through the packaged Electron IPC bridge and verify native notification entry points.,NOT RUN,,,,,Broader than canonical journey #113.
148,E,PR-04,P1,PARTIAL,Pro,"19 Pro entity, action, and service guardrails",Entity correction and extension preserve the guarded record,"Using synthetic multi-source evidence, rename/retype, add/remove alias and fact, set photo, hide/unhide, merge, split/reassign an observation, re-synthesize, then relaunch and open every linked source/action.","One canonical entity owns the right evidence and relationships, rollback/correction is possible, no self/noise duplicate is introduced, and every linked surface follows the surviving ID.",Yes,Add and integrate rendered fact add/remove and observation split controls; neither is invoked by the shipped Entity UI today. Then repeat through packaged Electron IPC.,NOT RUN,,,,,Entity is a protected cross-product unit; this is a release-significant guardrail.
149,E,PR-05,P1,PARTIAL,Pro,"19 Pro entity, action, and service guardrails",Text-only model does not break capture memory,"Select an active text-only model with no vision projector, enable Pro capture, show a unique phrase, and wait for OCR/search/entity processing.","Capture, OCR, text distillation, memory, and search continue; optional layout learning is skipped with readable diagnostics and no repeated vision error.",Yes,Run the installed capture/OCR/search journey with a real text-only model and display.,NOT RUN,,,,,Do not classify this as only a chat attachment test.
150,E,PR-06,P1,PARTIAL,Pro,20 Pro secondary surfaces and controls,Entity graph renders and stays linked to canonical entities,"Open Entity Graph with synthetic people/projects/companies and relationships; search, focus, zoom, reset, rebuild, select a node, and return to entity detail.","The graph remains responsive and legible, uses canonical entity IDs/relationships, rebuild does not duplicate data, and selected nodes open the exact entity.",Yes,Repeat the graph journey through the packaged Electron IPC bridge and inspect layout legibility at release-scale data volume.,NOT RUN,,,,,Actual shipped Pro surface missing from the original CSV.
151,E,PR-07,P1,NONE,Pro,20 Pro secondary surfaces and controls,Memory list and Master Memory lifecycle work,"Open Memories, search, select, delete a disposable memory, refresh, open Master Memory, copy it, regenerate master-only, then regenerate all summaries; interrupt and retry once.","List/search/detail stay consistent, deletion is scoped, regeneration progress terminates, failures are recoverable, copied text is exact, and relaunch restores the completed result.",No,"Exercise production IPC, real local model, clipboard, persistence, and error states.",NOT RUN,,,,,Actual shipped Pro surface missing from the original CSV.
152,E,PR-08,P1,PARTIAL,Pro,20 Pro secondary surfaces and controls,Pro identity and learned-preference settings affect downstream behavior,"Change name/email/aliases, toggle proactive delivery, remove one learned preference, clear all learned preferences, relaunch, then ingest synthetic self/external mentions and request a proposal.","Identity persists and filters self mentions everywhere, delivery follows the toggle, removals stay removed, proposals use current preferences only, and Core settings remain unaffected.",Yes,Drive registered Pro Settings sections through production IPC and verify real downstream entity/action/notification behavior after relaunch.,NOT RUN,,,,,Guards the shared identity/entity boundary.
153,E,PR-09,P2,PARTIAL,Pro,20 Pro secondary surfaces and controls,Notification inbox management remains coherent,"Seed each notification type; filter, open, mark one/all read, delete one, clear all, switch routes, and relaunch.","Unread counts and filters are truthful, actions affect only intended rows, targets remain exact, empty state is clear, and persistence matches the visible inbox.",Yes,Exercise production notification store/IPC and every visible inbox action through relaunch.,NOT RUN,,,,,Actual shipped controls not explicit in the original CSV.
154,E,PR-10,P2,PARTIAL,Pro,20 Pro secondary surfaces and controls,Voice library controls and settings agree with native behavior,"Exercise Hold/Toggle/Both, engine, language, max-items and retention settings; import, search, play, retranscribe, and delete recordings; relaunch.","Each setting owns the real controller behavior, library counts/search/playback are truthful, retranscription replaces correctly, deletion removes owned media only, and settings persist.",Yes,"Join all controls through production IPC, real helpers/audio, media server, and full relaunch.",NOT RUN,,,,,Complements canonical voice journeys.
155,E,PR-11,P2,PARTIAL,Pro,20 Pro secondary surfaces and controls,"Clipboard search, filters, tags, previews, and deletion stay consistent","Create text, rich text, image, and file clips; search, type-filter, tag/untag, keep one selected while new events arrive, preview each type, delete selected/non-selected rows, and relaunch.","Results and selection remain stable, previews match stored bytes, tags persist through dedup, deletion is scoped, and no stale preview or wrong restore target appears.",Yes,Join real poller/store/IPC events with all rendered controls in the installed app.,NOT RUN,,,,,Includes the selected-item regression.
156,E,PR-12,P2,PARTIAL,Pro,20 Pro secondary surfaces and controls,Vault complete CRUD and file handling stay encrypted and scoped,"Search/filter and create, edit, reveal/hide, copy, reopen, export/download, and delete every advertised Vault type including a disposable file; lock and relaunch between actions.","UI fields match type, ciphertext remains unreadable at rest, copies/exports are exact, file preview is safe, deletion is scoped, and no secret leaks into logs or recent UI after lock.",Yes,"Exercise every rendered type/control, file picker/export, locked-state cleanup, and installed-app logs.",NOT RUN,,,,,Use synthetic secrets only.
157,E,CR-01,P1,PARTIAL,Both,21 Core secondary surfaces and controls,Local GGUF import admits only valid models,"Import a valid local GGUF, a truncated/corrupt file, a duplicate, and a path with spaces; activate the valid model and relaunch.","Only valid bytes are copied/registered, duplicates are resolved clearly, invalid files create no phantom model, and the active imported model answers after relaunch.",Yes,Use the installed file picker and a real supported/unsupported GGUF set.,NOT RUN,,,,,Actual Models control not explicit in the original CSV.
158,E,CR-02,P1,PARTIAL,Both,21 Core secondary surfaces and controls,"Project knowledge enable, disable, and delete change retrieval exactly","Attach two synthetic documents, disable one, query both facts, re-enable it, delete the other, relaunch, and query again.","Only enabled, existing documents contribute citations; deletion removes owned chunks without affecting the project or other document; state persists after relaunch.",Yes,Drive the rendered project controls and verify the reopened state in the installed app.,NOT RUN,,,,,Complements attach/retrieval journeys.
159,E,CR-03,P1,PARTIAL,Both,21 Core secondary surfaces and controls,Artifact export and deletion are exact and scoped,"Create text and image artifacts, open gallery/project views, export each to a chosen path, delete one, switch conversations/projects, and relaunch.","Exports match exact content/bytes and safe filenames, deletion removes only the selected artifact/file, no stale preview remains, and surviving artifacts reopen under the right owner.",Yes,Join rendered gallery/project actions with real native save picker and filesystem deletion.,NOT RUN,,,,,Actual chat/project controls not explicit in the original CSV.
160,E,CR-04,P1,PARTIAL,Both,21 Core secondary surfaces and controls,"Chat voice mode records, transcribes, sends, speaks, and stops","Enable voice mode, record a synthetic utterance, stop, inspect transcript, send, hear the reply, interrupt playback, disable voice mode, and relaunch.","One transcript and one user turn appear, playback uses the selected TTS model, Stop releases mic/audio immediately, text mode remains usable, and mode/settings restore correctly.",Yes,"Join real microphone, STT helper/model, rendered chat, exact TTS worker, and audible output on the installed app.",NOT RUN,,,,,Critical full voice journey not represented by TTS-only rows.
161,E,CR-05,P2,PARTIAL,Both,21 Core secondary surfaces and controls,Command palette search and navigation preserve focus and target,"Open the command palette by keyboard from several screens, search seeded records, navigate results with arrows/Enter, use See all, press Escape, and reopen.","Focus is trapped/restored, results are current and typed, Enter opens the exact record, See all preserves query/facets, Escape closes only the palette, and no keystroke leaks to chat.",Yes,Exercise all result types and focus/keyboard behavior in the installed app.,NOT RUN,,,,,Actual Core shell surface missing from the original CSV.
162,E,CR-06,P2,PARTIAL,Both,21 Core secondary surfaces and controls,"Model catalog search, filters, detail, and reset stay coherent","At 1280 and 1800 widths, combine modality tabs, text search, credibility, size, sort, RAM buckets, and use-case filters; open/close details; download/activate/delete; reset filters.","Counts and sections remain truthful, no stale/duplicate card appears, detail reflects the selected model, actions stay adjacent and reachable, and reset returns the complete dense grid.",Yes,Manually combine filters/actions against real catalog and installed models and inspect pixels.,NOT RUN,,,,,Expands canonical density journey #31.
163,E,CR-07,P1,PARTIAL,Both,21 Core secondary surfaces and controls,Connector lifecycle controls stay synchronized,"Add one stdio and one remote connector; test, enable/disable, sync with and without a query, inspect tools, force an error, reconnect, delete, and relaunch.","Status and tools match the real connector, disabled connectors cannot run, sync is bounded, errors recover without blocking others, deletion removes owned secrets, and state persists exactly once.",Yes,Drive every rendered control and real remote/OAuth provider through relaunch.,NOT RUN,,,,,Complements canonical connector tool journeys.
164,E,CR-08,P0,PARTIAL,Both,21 Core secondary surfaces and controls,Normal quit leaves no owned helper or capture resource,"After using chat, image, TTS, STT, gateway, media, meeting, dictation, clipboard, and capture, quit normally and inspect Activity Monitor, microphone/screen indicators, ports 7878/7879/8439, and mounted images.","Every owned process, listener, timer, shortcut, audio/capture resource, and DMG mount is released; committed data reopens and no feature restarts before entitlement/settings allow.",Yes,"Inspect actual host processes, permission indicators, shortcuts, ports, and mounted images after one full signed-app session.",NOT RUN,,,,,Final release stop condition.
165,F,129,P1,PROVEN,Both,11 Settings privacy licensing and updates,Runtime residency toggles persist,Change image STT and TTS residency then relaunch,Each setting persists and actual loading behavior matches it,Yes,"Run the listed visible journey on the exact installed 0.0.40 artifact and inspect state, persistence, errors, and pixels.",NOT RUN,,,,,
166,F,130,P1,PROVEN,Both,11 Settings privacy licensing and updates,Chat residency stays required,Open runtime residency settings,Chat model displays in-memory required and cannot be toggled off,Yes,"Run the listed visible journey on the exact installed 0.0.40 artifact and inspect state, persistence, errors, and pixels.",NOT RUN,,,,,
167,F,131,P1,PARTIAL,Both,11 Settings privacy licensing and updates,Resource mode applies,Choose Conservative or another available resource preset,The selected limits and model behavior apply without freezing the UI,Yes,"ts` drives all three presets through the real LLM settings owner, disk persistence, fresh-service launch arguments, recommendation, and setup planner with only host RAM controlled; the Electron tour proves selection stays responsive and the sizing guards enforce memory clamps.",NOT RUN,,,,,
168,F,132,P0,PARTIAL,Both,11 Settings privacy licensing and updates,Settings survive relaunch,Change several model capture privacy update and Pro settings then quit fully,Every changed value restores from the owning store,Yes,"Run the listed visible journey on the exact installed 0.0.40 artifact and inspect state, persistence, errors, and pixels.",NOT RUN,,,,,
169,F,133,P1,PARTIAL,Both,11 Settings privacy licensing and updates,Storage usage is truthful,Open Storage after downloading models and creating artifacts,Reported totals and per-category sizes roughly match files on disk,Yes,"Run the listed visible journey on the exact installed 0.0.40 artifact and inspect state, persistence, errors, and pixels.",NOT RUN,,,,,
170,F,137,P0,PARTIAL,Core,11 Settings privacy licensing and updates,Core locked Pro tabs,Run a core build and open every locked Pro navigation item,Each shows the correct Upgrade screen and no Pro implementation loads,Yes,Launching the exact packaged Core artifact remains manual.,NOT RUN,,,,,Core artifact only
171,F,141,P1,PARTIAL,Both,11 Settings privacy licensing and updates,Core and Pro override behavior,Launch dev builds with OFFGRID_PRO=0 and OFFGRID_PRO=1,Overrides force the documented free and Pro states without changing persisted entitlement,Yes,"Run the listed visible journey on the exact installed 0.0.40 artifact and inspect state, persistence, errors, and pixels.",NOT RUN,,,,,Development check only
172,F,142,P1,PARTIAL,Both,11 Settings privacy licensing and updates,Manual update check,Settings -> Check for updates on stable,The current or available version is reported without a stuck checking state,Yes,"Repeat the listed steps on the exact installed 0.0.40 artifact with the real macOS, hardware, network, or external-system boundary.",NOT RUN,,,,,Packaged build only
173,F,143,P1,PARTIAL,Both,11 Settings privacy licensing and updates,Update channel persists,Toggle nightly builds then relaunch,The selected stable or beta channel remains selected and checks that channel,Yes,"Repeat the listed steps on the exact installed 0.0.40 artifact with the real macOS, hardware, network, or external-system boundary.",NOT RUN,,,,,Packaged build only
174,F,144,P0,PARTIAL,Both,12 Resilience and desktop polish,Local use works offline,Disable network after required models are installed,Chat image OCR replay search dictation and vault remain local; network features fail clearly,Yes,"Repeat the listed steps on the exact installed 0.0.40 artifact with the real macOS, hardware, network, or external-system boundary.",NOT RUN,,,,,
175,F,145,P0,PROVEN,Both,12 Resilience and desktop polish,Cold relaunch after forced quit,Force quit during non-destructive activity then reopen,The app boots without a white screen or permanently busy state and committed data remains,Yes,"Run the listed visible journey on the exact installed 0.0.40 artifact and inspect state, persistence, errors, and pixels.",NOT RUN,,,,,
176,F,146,P1,PARTIAL,Both,12 Resilience and desktop polish,Model ports are single-owner,Start one app instance then attempt a second development or capture instance,The conflict is diagnosed clearly and does not masquerade as model corruption,Yes,"Run the listed visible journey on the exact installed 0.0.40 artifact and inspect state, persistence, errors, and pixels.",NOT RUN,,,,,Do not use this as a normal two-instance workflow
177,F,147,P0,PARTIAL,Both,12 Resilience and desktop polish,Engine restart recovers,Restart the local model engine while chat is open,Requests wait or fail clearly; the next request succeeds after health returns,Yes,"Run the listed visible journey on the exact installed 0.0.40 artifact and inspect state, persistence, errors, and pixels.",NOT RUN,,,,,
178,F,148,P0,PARTIAL,Both,12 Resilience and desktop polish,Low disk space is handled,Use a safe disposable low-space volume for downloads and artifacts,Failures are contained and explained; existing data remains readable,Yes,"Repeat the listed steps on the exact installed 0.0.40 artifact with the real macOS, hardware, network, or external-system boundary.",NOT RUN,,,,,
179,F,149,P1,PARTIAL,Both,12 Resilience and desktop polish,Large seeded collections stay usable,Seed many models chats entities clipboard items and observations,Grids lists filters and detail panels remain responsive and dense,Yes,"Run the listed visible journey on the exact installed 0.0.40 artifact and inspect state, persistence, errors, and pixels.",NOT RUN,,,,,Synthetic data only
180,F,150,P1,PROVEN,Both,12 Resilience and desktop polish,Window resize preserves desktop layout,Resize from a normal laptop window to a wide desktop window,Collections gain columns and sticky context remains usable; no mobile-style stretched rows,Yes,"Run the listed visible journey on the exact installed 0.0.40 artifact and inspect state, persistence, errors, and pixels.",NOT RUN,,,,,
181,F,151,P1,PROVEN,Both,12 Resilience and desktop polish,Keyboard focus is visible,Tab through navigation forms dialogs and primary actions,Focus order is logical and a visible focus treatment is present,Yes,"Run the listed visible journey on the exact installed 0.0.40 artifact and inspect state, persistence, errors, and pixels.",NOT RUN,,,,,
182,F,152,P2,PARTIAL,Both,12 Resilience and desktop polish,Escape closes transient UI,Open modals lightboxes menus and slide-over panels then press Escape,Only the top transient layer closes and underlying state is preserved,Yes,"Run the listed visible journey on the exact installed 0.0.40 artifact and inspect state, persistence, errors, and pixels.",NOT RUN,,,,,
183,F,153,P2,PARTIAL,Both,12 Resilience and desktop polish,Reduced motion remains usable,Enable Reduce Motion in macOS and exercise panels and modals,Content remains reachable and transitions do not block interaction,Yes,"Run the listed visible journey on the exact installed 0.0.40 artifact and inspect state, persistence, errors, and pixels.",NOT RUN,,,,,
184,F,154,P1,PARTIAL,Both,12 Resilience and desktop polish,External links use the system browser,Open purchase help and project links from the app,The expected HTTPS page opens externally and the Electron view does not navigate away,Yes,"Repeat the listed steps on the exact installed 0.0.40 artifact with the real macOS, hardware, network, or external-system boundary.",NOT RUN,,,,,
185,F,155,P0,PARTIAL,Both,12 Resilience and desktop polish,No private data in release evidence,Review screenshots videos logs and seeded profiles used for QA,Every publishable artifact contains synthetic data only,Yes,"Run the listed visible journey on the exact installed 0.0.40 artifact and inspect state, persistence, errors, and pixels.",NOT RUN,,,,,Release blocker
186,F,NR-12,P0,PROVEN,Both,16 Security and network boundaries,Gateway is loopback-only or explicitly authenticated,"With the app running, probe every gateway route from localhost and a second LAN device across Wi-Fi/Ethernet and firewall changes.","Non-loopback access is rejected, or intentional LAN access has explicit authentication, disclosure, and a tested threat model; docs match the bind behavior.",Yes,Confirm the installed 0.0.40 app remains unreachable from a second LAN device across Wi-Fi and Ethernet changes.,NOT RUN,,,,,P0 network exposure is fixed; retain the installed-device probe as release evidence.
187,F,NR-13,P0,PROVEN,Both,16 Security and network boundaries,OAuth callbacks enforce exact state and lifecycle,"Exercise correct, absent, wrong, and replayed state; cancel/error; timeout; two concurrent flows; callback-port collision; and quit/relaunch.","Only the exact pending state can receive tokens; every invalid, stale, replayed, or unrelated callback fails closed without persisting credentials.",Yes,Confirm the same callback lifecycle once with a real system browser and OAuth provider on the installed 0.0.40 app.,NOT RUN,,,,,P0 callback-state admission is fixed; retain one real-provider pass as release evidence.
188,F,NR-14,P0,NONE,Both,16 Security and network boundaries,Local-only product journeys create no undeclared egress,"Run chat, OCR, image, audio, capture, entity, search, and vault journeys behind packet capture with downloads, updates, licensing, and connectors idle.",No DNS or network egress occurs except an action the tester explicitly initiates and the UI clearly identifies.,No,Inspect DNS and network traffic for all local feature families on the release build.,NOT RUN,,,,,Privacy claim release blocker.
189,F,NR-15,P0,PARTIAL,Both,16 Security and network boundaries,Diagnostics are useful and redact every private payload,"Inject synthetic bearer tokens, API keys, passwords, prompts, filenames, transcripts, connector data, and helper failures; inspect active and rotated logs plus Console output and file permissions.","Secrets and business payloads are absent, log files remain private and bounded, and each failure still has a readable operation, state, duration, and safe reason.",Yes,"Inspect real helper stderr, all Core/Pro business flows, Console, and rotated files in the installed app.",NOT RUN,,,,,Use synthetic secrets only.
190,F,NR-24,P1,PARTIAL,Both,16 Security and network boundaries,Connector credential revocation and deletion are complete,"Complete OAuth, inspect profile/database/logs for plaintext tokens, revoke remotely, delete the connector, restart, then reconnect.","Tokens remain encrypted and redacted, revocation becomes an actionable error, deletion removes every owned secret, and deleted credentials never return silently.",Yes,"Use a real OAuth provider, macOS protected storage, remote revocation, and reconnect.",NOT RUN,,,,,Use a disposable provider account.
191,F,NR-25,P1,PARTIAL,Both,16 Security and network boundaries,Network middleboxes fail without corrupting local state,"Exercise proxy, VPN, captive portal, DNS failure, and TLS interception for downloads, connectors, licensing, and updates while also using local features.","Local features remain usable, each network failure is specific, retries do not duplicate or leak state, and no insecure TLS fallback occurs.",Yes,Use real proxy/VPN/captive/DNS/TLS conditions and provider endpoints.,NOT RUN,,,,,Never install an untrusted root on a primary machine.
192,F,NR-27,P1,NONE,Both,17 Accessibility and desktop environment,VoiceOver can complete critical journeys,"Use VoiceOver for onboarding, model installation, chat, connector approval, Settings, destructive confirmations, and every Pro navigation surface.","Controls have useful names/roles, status changes announce, reading order is logical, dialogs trap and restore focus, and critical actions are possible without sight.",No,Perform a real VoiceOver pass on the installed app.,NOT RUN,,,,,Record blockers by surface.
193,F,NR-28,P2,PARTIAL,Both,17 Accessibility and desktop environment,Native app-window lifecycle follows macOS conventions,"Exercise Cmd+W, Cmd+Q, Cmd+H, Dock reopen, app activation with no windows, About, Settings, and reopening after the last window closes.","Window and process lifecycle are consistent, data is committed, the app can be reopened, and no unintended background capture or model process remains.",Yes,"Use macOS menu, Dock, keyboard, Activity Monitor, indicators, and ports.",NOT RUN,,,,,Also run the P0 clean-shutdown row below.
194,F,NR-29,P2,PARTIAL,Both,17 Accessibility and desktop environment,"macOS contrast, transparency, keyboard, and zoom settings remain usable","Enable Increase Contrast, Reduce Transparency, Full Keyboard Access, and supported text/page zoom across dense lists, dialogs, charts, and side panels.","Text, focus, controls, and hierarchy remain legible; no clipping, hidden actions, translucent blanks, or unreachable content appears.",Yes,Inspect pixels and keyboard access under each macOS setting.,NOT RUN,,,,,Test light and dark appearance.
195,F,NR-32,P2,NONE,Both,17 Accessibility and desktop environment,Window returns on-screen after display topology changes,"Place the app and transient windows on an external display, disconnect it, change clamshell state, relaunch, and reopen dialogs/popups.","Every window returns on-screen with sensible size, focus, stacking, and no invisible modal or lost popup.",No,Use a real external display and clamshell transitions.,NOT RUN,,,,,Check dictation and clipboard popup windows too.
196,F,NR-33,P3,PARTIAL,Both,18 P3 compatibility,Unicode and space-containing paths work,Install and run from paths containing spaces and use a disposable macOS account with a non-ASCII username; download/import models and create logs/artifacts.,"Models, helpers, logs, database, updates, exports, and native processes work without shell-escaping or path-encoding failures.",Yes,Run under a real Unicode account/home path.,NOT RUN,,,,,First explicit P3 compatibility case.
197,F,NR-34,P3,PARTIAL,Both,18 P3 compatibility,"Timezone, locale clock, and DST changes preserve chronology","Change timezone and 12/24-hour preference while running; use synthetic timestamps around a DST boundary; inspect meetings, capture, Day, retention, and filenames.","Absolute order and retention remain correct, labels update truthfully, and no event is duplicated, skipped, or assigned to the wrong day.",Yes,Exercise actual timezone and locale changes with the installed app.,NOT RUN,,,,,Use synthetic data only.
198,F,NR-35,P3,PARTIAL,Both,18 P3 compatibility,Live light/dark appearance changes keep every layer legible,"Switch macOS appearance while dialogs, menus, lightboxes, side panels, native prompts, and popup windows are open.","Theme, title bar, focus, icons, contrast, overlays, and native integration update without restart, blank content, or unreadable combinations.",Yes,Inspect every window and transient layer during real macOS appearance changes.,NOT RUN,,,,,P3 visual compatibility.
199,G,94,P0,PARTIAL,Pro,7 Capture memory and replay,Delete all removes capture corpus,Seed capture observations frames entities and replay data then use Delete all my data,Search Day Entities and Replay are empty after completion and relaunch,Yes,"Run the listed visible journey on the exact installed 0.0.40 artifact and inspect state, persistence, errors, and pixels.",NOT RUN,,,,,Pro only; use synthetic data
200,G,134,P0,PARTIAL,Both,11 Settings privacy licensing and updates,Clear cache preserves user data,Use the cache cleanup control then reopen the app,Ephemeral cache is removed while chats projects models and vault remain,Yes,"Run the listed visible journey on the exact installed 0.0.40 artifact and inspect state, persistence, errors, and pixels.",NOT RUN,,,,,
201,G,135,P0,PARTIAL,Both,11 Settings privacy licensing and updates,Delete category is scoped,Delete one selected personal-data category,Only that category disappears; unrelated stores and credentials remain unless explicitly included,Yes,"Run the listed visible journey on the exact installed 0.0.40 artifact and inspect state, persistence, errors, and pixels.",NOT RUN,,,,,Use synthetic data
202,G,136,P0,PARTIAL,Both,11 Settings privacy licensing and updates,Delete all is complete,Connect a test connector and seed core and Pro personal stores; run Delete all my data,Chats projects memory captures clipboard recordings connector tokens and personal rows are gone after relaunch,Yes,"Run the listed visible journey on the exact installed 0.0.40 artifact and inspect state, persistence, errors, and pixels.",NOT RUN,,,,,Release blocker; use synthetic data only
203,G,NR-06,P0,PARTIAL,Both,"14 Updates, migration, and recovery",Published-feed upgrade preserves Core and Pro state,"Upgrade through the real stable feed from the previous stable locked Core state and a previous Pro-entitled state, then restart into 0.0.40.","Chats, projects, models, settings, permissions, encrypted data, Pro stores, and entitlement remain intact and the new version is running.",Yes,"Join them through the real CDN/feed, signed ZIP, OS restart, Keychain, and installed application.",NOT RUN,,,,,Run both locked and entitled upgrade fixtures.
204,G,NR-07,P0,PARTIAL,Both,"14 Updates, migration, and recovery",Complete legacy profiles migrate without silent omission,"Back up and upgrade representative full profiles containing encrypted DB data, license cache, OAuth tokens, models, chats, projects, captures, entities, meetings, clipboard, and vault data.","No onboarding reset, Keychain loss, duplicate records, missing category, or cross-tier activation occurs; all data owners reopen correctly.",Yes,Upgrade complete real prior-version profiles through the installed artifact and macOS Keychain.,NOT RUN,,,,,Use backed-up synthetic profiles.
205,G,NR-08,P0,PARTIAL,Both,"14 Updates, migration, and recovery",Interrupted migration is recoverable and idempotent,"Terminate the app at controlled points during schema migration, then relaunch repeatedly against a backed-up disposable legacy profile.","The prior profile remains usable or is restored safely; retry completes once with no partial schema, duplicate records, or destructive loop.",Yes,Repeat with literal process termination during migration against a backed-up installed legacy profile.,NOT RUN,,,,,Release blocker for destructive migration failures.
206,G,NR-16,P0,PARTIAL,Pro,"14 Updates, migration, and recovery",Force quit during native collection reconciles partial work,"Force quit or simulate power loss during meeting recording, dictation, capture write, and transcription; relaunch and inspect data and processes.","Partial media is recovered or clearly marked, orphan helpers are adopted or stopped, no recording restarts silently, and finalized records are neither lost nor duplicated.",Yes,Kill the actual installed process during physical audio/capture and inspect filesystem durability.,NOT RUN,,,,,Use synthetic media.
207,G,NR-18,P1,PARTIAL,Both,"14 Updates, migration, and recovery",Stable and beta channel transitions select safe artifacts,"Switch stable to beta and beta to stable across versions, including any allowDowngrade path; check feed URL, offered version, restart, and schema compatibility.","The app selects only the chosen channel, never applies an unsafe downgrade, and preserves data and channel choice after restart.",Yes,Exercise published stable/beta feeds and real version ordering with signed artifacts.,NOT RUN,,,,,Never use real personal data for downgrade testing.
208,G,NR-19,P1,PARTIAL,Both,"14 Updates, migration, and recovery",Interrupted update download leaves a launchable app,"During an update download, cut network, fill a disposable volume, quit, and retry; inspect prompts, cache, current installation, and subsequent update.","The current app stays launchable, partial data is cleaned or safely resumed, retries do not loop or duplicate, and no install runs without approval.",Yes,"Exercise Electron updater cache, real network interruption, and disk pressure.",NOT RUN,,,,,Use a disposable low-space target.
209,G,NR-20,P1,PARTIAL,Both,"14 Updates, migration, and recovery",Uninstall and reinstall follow the documented data policy,"Remove only the app bundle and reinstall, then separately run Delete All before reinstall; inspect userData, Keychain, connector secrets, license state, and personal records.",Bundle-only uninstall retains data as documented; explicit Delete All prevents personal data or credentials from reappearing after reinstall.,Yes,"Perform actual bundle removal, reinstall, and Keychain/userData inspection.",NOT RUN,,,,,Back up any non-disposable profile first.
210,G,NR-30,P2,PARTIAL,Both,"14 Updates, migration, and recovery",Diagnostics failure and rotation do not destabilize the app,Make the diagnostics directory unwritable and use a disposable full volume while producing enough synthetic events to rotate logs.,"The app continues safely, reports diagnostics failure without recursion, keeps bounded storage, and does not lose unrelated product data.",Yes,"Exercise actual filesystem permissions, rotation, and full-disk behavior.",NOT RUN,,,,,Use disposable storage only.
